Search Term,Website,Email,Phone
Solar industries Nagpur,https://in.linkedin.com/company/solar-industries-india-ltd,shivanjali.nath@solargroup.com,2147483647
Solar industries Nagpur,https://www.indiamart.com/solar-industrie/aboutus.html?srsltid=AfmBOoq4OiKIfaa6FJKirRF03oIAxvHVJLB3JhZ19dQ_5MQzm7f8nx6l,customercare@indiamart.com,3284615111
hotelkey,https://tracxn.com/d/companies/hotelkey/__tkqnPt7aue3bRQ7mh3N8PxSlIxdClrPlWg98O9CCKZA,hi@tracxn.com,2147483103
hotelkey,https://hoteltechreport.com/operations/property-management-systems/hotelkey-pms,u201cdont-reply@vendor.com,2147483621
hotelkey,https://hoteltechreport.com/operations/property-management-systems/hotelkey-pms,u201edont-reply@vendor.com,2147483621
hotelkey,https://hoteltechreport.com/operations/property-management-systems/hotelkey-pms,dont-reply@vendor.com,2147483621
hotelkey,https://hoteltechreport.com/operations/property-management-systems/hotelkey-pms,u300cdont-reply@vendor.com,2147483621
lenovo india,https://www.lenovo.com/in/en/?srsltid=AfmBOorkazqFR41kgPxfIoR7L56pmZOIhjMBvLpWijqUEMGyPfJh98V3,orderstatus1@lenovo.com,3333333333
Apple india,https://www.indiaistore.com/,logo@2x.png,1699364929
Apple india,https://jobs.apple.com/en-us/search?location=india-INDC,john.g@example.com,
Apple india,https://www.imagineonline.store/?srsltid=AfmBOopl61hKV-_NmQuVJF-UX4iITxYcEeyr735dw70uRZf2vLr4hHQx,premium-partner_80x@2x.svg,1714202662
Apple india,https://www.imagineonline.store/?srsltid=AfmBOopl61hKV-_NmQuVJF-UX4iITxYcEeyr735dw70uRZf2vLr4hHQx,Apr_Footer_2_130x_1293a4b6-c477-40c2-8e55-baefbbe74f3c_130x@2x.webp,1714202662
Apple india,https://www.imagineonline.store/?srsltid=AfmBOopl61hKV-_NmQuVJF-UX4iITxYcEeyr735dw70uRZf2vLr4hHQx,imgpsh_fullsize_anim_c4cf99d7-4703-4204-9d43-b1617b5f4cfc_85x@2x.png,1714202662
Apple india,https://www.imagineonline.store/?srsltid=AfmBOopl61hKV-_NmQuVJF-UX4iITxYcEeyr735dw70uRZf2vLr4hHQx,imagineonline.store@ample.co.in,1714202662
Apple india,https://www.imagineonline.store/?srsltid=AfmBOopl61hKV-_NmQuVJF-UX4iITxYcEeyr735dw70uRZf2vLr4hHQx,kumar.sangamesh@ample.co.in,1714202662
Apple india,https://shop.unicornstore.in/?srsltid=AfmBOopHHXkpv9SxkPvyzhAQT5z3ctzsrTrZlVWeWoCG6ISgxY8Sq2VL,sales@uipl.co.in,1694311298
Apple india,https://www.aptronixindia.com/?srsltid=AfmBOorDKlKZVjRyjEbHFbYyvEOdxaapUvR5oBenOwk2fsyQ5UO7yUjm,contactus@aptronixindia.com,8340088888
Blinkit,https://blinkit.com/,security@blinkit.com,3333333333
Blinkit,https://apps.apple.com/th/app/blinkit-grocery-in-10-minutes/id960335206,socialsupport@blinkit.com,9994365288
Blinkit,https://www.blink.it/en/,info@blink.it,
Blinkit,https://www.blink.it/en/,kundenservice@blink.it,
Blinkit,https://www.blink.it/en/,kundensupport@blink.it,
